profile_age,number_of_friends,profile_completeness,number_of_posts,profile_picture,about_me_length,messages_sent,account_verified,label
3175,4719,28.3854528608645,4008,1,605,9462,1,0
3508,2814,35.915102966623145,4093,1,660,8832,1,0
861,3374,38.38471518677963,4363,0,1647,7754,1,0
1295,3278,46.581280702024856,2466,0,1590,4078,0,0
1131,1252,83.59980637812095,2282,0,848,1367,1,0
1096,3981,23.579209395920987,1856,1,935,4042,1,0
3093,4673,77.60002070354295,1998,1,1490,2575,1,1
1639,2122,40.53101830857434,1236,1,627,6754,0,0
2170,4530,60.18553836620085,4669,0,142,1581,0,0
467,2150,63.25405332263061,4144,1,1224,1986,1,0
1239,4859,37.28486371889345,1150,1,1203,2240,1,0
331,1329,51.26152052058052,4318,0,713,3966,1,0
1483,1358,41.3031174647697,1431,1,1387,7604,1,0
2136,2482,6.913278618661945,1819,0,478,8320,1,0
3445,4542,43.71653888168265,2324,0,564,5968,1,0
3172,2017,9.739339255355217,1130,1,470,9043,0,0
2920,1331,40.50207990803215,2658,1,383,7493,1,0
131,4344,59.291839983178185,3500,1,1715,4103,1,0
1686,4261,57.941489934350074,374,0,925,2076,1,0
3381,1358,66.26212790083204,2120,0,416,5231,1,0
770,4637,9.526150795462629,4020,0,1848,2994,1,0
2392,4854,65.21232455304379,2021,1,307,3744,1,0
1516,3177,31.214805669644708,3705,1,648,5594,0,0
3486,2128,39.90459461371111,3259,1,1717,7531,0,0
2854,2180,85.79862539227058,3435,1,1390,7371,0,0
2434,4892,0.9030404129550251,1889,0,1024,1644,0,0
1216,137,58.84126333406054,1823,0,1067,3144,0,0
956,3472,59.87139801001076,1474,0,738,242,0,0
2325,2832,39.665977634356196,2242,0,1866,4085,1,0
1185,3579,23.702785710833616,3243,1,1121,7954,1,0
460,3031,23.46740382615511,3134,1,1743,7269,1,0
3386,4164,88.37096696607526,2070,1,1288,7130,1,1
22,2593,44.20243737828575,359,0,1823,6828,1,0
2301,4300,33.08893629891719,2041,0,1806,8362,1,0
748,3818,44.877757383140306,1141,1,139,8844,0,0
2905,4138,66.93904014593613,1635,1,1504,6331,1,0
3633,3823,14.57565682447517,4000,0,1260,3512,0,0
475,4042,44.94338352137377,1943,1,973,1499,0,0
1083,1906,58.7884371110387,4774,0,1016,2158,1,0
2559,760,94.85833548514337,3361,0,952,5162,1,0
2048,3445,25.252778207541926,2980,0,903,4039,1,0
3548,899,35.92507479162455,6,1,71,2035,1,0
2748,4455,37.93585899224238,3267,1,1690,7977,1,0
976,2947,60.553815764488284,1591,0,1213,857,1,0
1807,1719,35.67320530400016,4928,1,1291,3823,1,0
190,280,53.35119252996956,3264,0,1344,6770,0,0
3006,3266,78.17903298450294,2606,0,106,9241,1,0
2735,1887,70.53855941122036,3219,0,1255,298,1,0
3006,3266,44.636864651258556,3273,0,1065,7244,0,0
563,666,86.42161776741689,913,1,1725,923,1,0
1900,4188,55.81402495938629,2011,0,882,4232,1,0
3639,671,53.99058395022125,1442,0,138,4306,0,0
1268,1969,3.4187765939158177,3054,1,614,2799,1,0
2880,4156,98.66929803571615,3546,0,1706,6578,1,0
1529,3122,12.297080852962672,4221,0,862,4875,1,0
3203,4699,23.11309124276466,4912,1,272,5326,1,0
3557,4777,5.169683724152696,2928,1,1504,6582,1,0
647,3900,64.00029668369137,1829,1,415,1802,1,0
2069,523,22.470117697267998,575,0,505,2657,0,0
2889,2393,18.001043747272348,929,1,732,3346,1,0
2215,3117,8.855558422324139,3759,1,1748,9663,1,0
1298,2593,10.330895712401567,3699,0,1876,2949,0,0
2436,1968,58.467070044258875,1463,0,423,941,0,0
601,1753,68.82078658665954,3275,0,1430,1907,1,0
2364,2296,39.7378988464401,4928,0,1591,4837,0,0
2062,2261,47.989708159207325,1054,0,389,8105,1,0
242,2286,68.59677359829841,1900,1,341,1243,1,0
2042,4202,1.7379790185479638,1457,1,945,5696,0,0
2825,2878,32.31306570702785,1399,1,613,1466,1,0
3418,4143,97.30977480703464,3415,0,1956,3957,1,0
2613,3644,58.01122296954681,442,0,492,1966,0,0
2946,4432,25.422457989749326,3650,0,191,375,0,0
1364,2055,52.17300466362131,4652,1,498,262,0,0
2140,4720,34.26534881209153,1178,1,821,4362,0,0
1391,1276,53.22449888262991,4458,0,1735,6502,1,0
3004,2766,12.574151180664883,1257,1,1256,7833,0,0
1479,302,13.271465381927738,3634,0,1968,1893,0,0
3500,638,14.354236203939285,1841,1,226,8106,0,0
2557,55,93.98197919268418,2309,1,1394,1652,0,0
776,4821,73.28989183413418,910,1,138,5540,0,0
35,525,16.23818946623209,4340,0,855,3892,1,0
2254,4569,18.834908376560143,4637,1,816,599,0,0
3153,4123,73.08294748708764,4009,1,1172,4815,1,1
1956,2125,15.616384479217393,2169,0,1138,1912,0,0
1586,3287,23.456129333482867,2172,1,1473,9484,0,0
3460,364,96.3346832820399,123,0,1086,8792,0,0
3074,4621,25.530652472843187,3158,0,103,8572,0,0
1022,4978,66.16323503711467,785,0,1874,4213,0,0
3462,1646,97.86312874005304,2416,0,870,3637,0,0
2614,918,37.42967671397926,796,0,667,9290,0,0
1130,2797,1.7515990862062236,4172,1,272,5599,0,0
1501,1531,24.414729042237425,4154,0,1029,6448,1,0
703,3345,83.08771913417054,1936,0,1170,8557,0,0
2450,1906,86.46088359550367,2156,0,183,7382,1,0
2778,3086,76.85193645237912,3807,0,1051,8982,0,0
1580,4580,11.310981907657302,1301,1,1985,3569,1,0
162,2075,79.55103716964031,4163,0,1573,7707,0,0
202,713,91.86777969935042,3140,1,1142,746,0,0
1982,1062,60.06095425462361,3236,0,292,8504,0,0
996,1976,94.08753563380648,2352,1,1394,4633,1,1
2318,1296,82.68388837118775,1932,0,1267,920,1,0
816,125,66.69715169909072,2721,0,1603,9269,1,0
3343,4632,57.718523671174815,364,1,1749,7008,1,0
456,3596,34.85736672419705,4916,0,1241,2381,0,0
3534,3283,15.928744524280514,2390,1,176,3618,0,0
1276,1603,60.49539226905408,946,0,1322,8989,0,0
1017,66,31.81115536181195,1377,1,1699,4443,1,0
2344,232,86.64386675276454,1439,0,57,272,0,0
2768,2156,99.33369373586285,3180,0,1292,1773,1,0
338,1169,75.24277626155725,4857,1,307,2547,1,1
879,2158,9.048169528705074,340,0,1593,3164,1,0
1077,4206,28.86855955306381,2989,0,1311,4780,1,0
792,1493,10.910963176574972,382,0,976,946,1,0
2265,4718,65.05116477917157,1556,0,1128,506,0,0
764,4007,76.51908645557846,299,0,1251,6719,1,0
2236,2472,92.56748308807119,138,0,1270,8435,1,0
380,2660,43.817234641198766,358,1,699,8697,0,0
493,2739,90.13756495884444,4931,1,1517,6360,1,1
3113,1761,87.78911590413276,1522,1,82,7657,1,0
1181,3514,31.71957167653986,3456,0,1209,3590,0,0
2063,1975,86.8900625540571,1627,1,251,1192,0,0
65,2362,37.56722518817265,1303,0,1378,1464,0,0
2569,876,29.68692745602808,1134,0,1773,390,1,0
1368,3812,64.90746587943931,2186,0,1895,5615,0,0
1153,3448,32.83812278850811,3170,0,1719,6106,0,0
2028,1312,63.02087483291442,3835,1,795,8864,0,0
2696,1460,60.98318054986945,2151,0,896,2560,1,0
1496,2709,56.34389273484588,1237,1,1961,5867,0,0
3135,2324,38.04197042327977,3735,0,209,1211,1,0
1163,1733,54.849972165147676,2834,1,815,9121,1,0
1523,1605,59.64854749854216,4260,1,1831,1539,0,0
2641,2563,54.56868884954734,998,1,608,9104,1,0
392,3421,44.441945275120155,2567,1,446,643,1,0
1699,3517,1.466705704626381,1307,1,459,8693,0,0
419,2397,58.706170770115094,656,1,967,8921,1,0
2337,3735,16.844438514271964,2660,0,471,1283,0,0
379,2870,64.25759689471896,2211,1,1743,7680,1,0
1797,1160,75.9344327922866,1909,0,369,7345,1,0
3562,4854,50.04453091307415,3730,1,899,4386,0,0
2279,242,54.23636649797383,2046,0,1957,919,0,0
3066,2590,95.14785596659911,3162,1,1515,2339,1,1
2089,1063,84.71673613725741,1140,1,922,8947,1,1
3100,4324,91.42365159514699,266,0,136,5930,0,0
2183,2595,81.37662883195864,1845,1,366,5402,1,1
201,919,10.891834184673144,1708,1,911,5663,1,0
1864,5,14.899185597019471,3630,1,183,5275,1,0
780,467,52.662379726895956,3211,0,1611,507,1,0
2978,4170,24.606965879799823,2293,1,1310,1436,0,0
3105,3,47.66954750411592,3732,0,471,8750,0,0
3120,645,39.43653238183502,3829,1,1398,7354,0,0
503,117,54.941423843045335,1510,1,653,4516,0,0
2455,2928,74.68757161358226,475,0,748,3622,0,0
3646,2551,71.54909070992744,976,1,536,4399,0,0
1752,4289,52.12341324853343,1207,1,1534,5037,1,0
805,846,82.23934188170581,1960,0,801,8111,0,0
2147,2762,43.08620915380333,557,1,1602,3715,1,0
2732,1141,89.67142898401224,882,0,1273,7837,1,0
1896,1810,7.12802700551639,2194,0,919,1301,1,0
2774,723,95.46600300333074,4761,0,509,7370,0,0
1571,224,65.46930814313482,2667,1,629,5185,1,0
961,4627,38.00745089372053,4959,0,1001,2155,0,0
2661,4208,19.715412657287736,4677,0,1096,6411,1,0
1486,4654,47.91832294435999,4790,1,1305,6365,1,0
2691,2048,19.4558323185301,1610,0,915,692,0,0
1029,4749,16.633160774314216,3488,1,1983,1478,1,0
3290,4415,61.73517574129742,2454,1,1383,6396,1,0
503,1573,52.30847245817847,4494,1,1033,8448,1,0
2815,1828,67.00960346109417,1946,1,1234,441,1,0
398,1917,92.96058774219892,4810,0,1858,2646,0,0
871,4234,53.226021333904015,4799,0,151,5209,1,0
2843,2026,58.09320532627977,2808,0,1028,6533,1,0
393,3744,8.962633915494212,3825,0,1218,4677,0,0
207,901,71.76357859086295,3536,0,1977,7211,1,0
1039,4785,39.99052068041562,3802,1,1306,9927,1,0
1882,2039,97.67252386625789,4177,0,463,2645,1,0
3626,9,82.31740155956602,4699,0,1136,8210,1,0
2940,260,52.24810405161183,1970,0,270,9316,0,0
1485,1673,12.322265417216604,3822,1,1186,7933,1,0
3647,2219,85.94157932805892,2819,1,459,5476,0,0
864,2060,79.97810954240217,902,0,104,7928,1,0
2791,3713,18.4585129537033,364,1,1716,2080,1,0
3313,1619,29.527828922031006,4258,0,1579,6089,1,0
564,320,79.34072581478372,3119,0,1305,7396,0,0
1021,1342,18.522844654740965,2558,1,1710,9739,1,0
96,2376,91.77524891713773,1863,1,161,7797,1,1
1924,2832,42.45274251963619,115,0,350,861,0,0
1758,2824,8.703896258765864,2384,0,433,8346,0,0
2533,1994,81.57486435042809,4976,1,851,3494,0,0
3479,2958,37.35096830383876,3935,0,139,904,0,0
2279,2038,52.6499194153781,4935,1,1494,1269,1,0
2797,3490,11.230434441121917,2490,0,1155,404,1,0
1679,3677,0.2584014844982385,942,1,86,9035,1,0
3243,1118,63.79852057932977,1724,0,1711,9974,1,0
541,1604,51.51751703337316,2334,0,182,9756,0,0
1060,4027,59.35385691231472,2767,1,367,1184,1,0
2573,235,79.37438503805163,1137,0,128,8938,1,0
1184,1969,64.66059134228601,2527,0,1269,1725,1,0
1723,4429,17.477344282737718,4117,1,1624,8462,1,0
3315,1908,36.07725191105998,3420,0,1601,5811,0,0
3158,375,90.58911047877604,4778,0,669,5606,1,0
1820,3530,76.9944700251679,3906,0,1922,3956,1,0
2626,2635,55.663705793671724,3637,1,1401,171,1,0
2730,1570,25.56449978092723,2953,1,148,8465,0,0
2605,2560,30.206050183479505,2367,1,984,2306,0,0
1598,3391,73.19580675856345,4221,0,851,9350,1,0
3061,2965,85.11742608527709,276,0,1456,9898,1,0
2694,3643,67.14246695306144,1999,0,627,9963,1,0
796,3850,80.95299757684418,1227,0,1749,421,0,0
1052,872,76.6656135200406,3752,1,1492,5540,1,0
1644,1252,14.970396795695773,3735,0,445,9401,1,0
3628,1314,42.3944812913302,695,0,1504,4675,1,0
1364,4820,15.298380082856266,1309,0,883,9082,0,0
1982,2898,23.52355848019848,4152,1,293,6748,1,0
1355,77,86.92596246510526,3234,0,1788,6103,1,0
1664,2621,47.289196563318214,4114,0,1166,1473,0,0
1530,4227,53.53581018426608,2311,0,249,3243,0,0
2039,600,17.844596522777213,2841,0,877,2181,1,0
3420,1065,31.2271786048796,4208,0,947,9641,0,0
1497,2136,23.024616842786994,3559,1,974,3096,1,0
3303,2449,20.61861645184264,3398,0,1325,6646,0,0
2238,2343,63.796079331597014,541,0,1048,9782,0,0
3297,1863,25.68838476457148,2694,0,788,5882,1,0
1409,1318,63.201548602041846,4674,0,983,5982,1,0
1401,4711,5.845461410855391,1088,0,888,5798,1,0
1307,3597,14.177439352710186,3363,0,889,9627,0,0
2681,3762,27.45402540001254,24,0,1924,8415,1,0
2676,4670,59.70469168956917,1572,0,69,8411,1,0
973,2190,67.5841245087376,2958,0,624,9846,1,0
1769,992,44.27169667795271,4236,0,874,8456,1,0
1283,2712,44.579091457722896,1767,1,1135,9145,1,0
3431,2192,72.45168513986181,4743,1,1387,4524,0,0
710,1248,1.582109176558244,2235,1,1326,6559,1,0
1480,3054,34.10900244742206,200,1,470,7620,1,0
1435,4598,81.87070571192328,3198,0,1987,2774,0,0
649,4033,60.321941021337224,256,1,90,5673,1,0
318,1997,33.722713275542034,3747,1,529,3124,1,0
3297,4916,90.55247923296739,4642,0,660,8671,1,0
1258,3687,77.26227274493826,2241,1,738,1353,1,1
684,2151,26.48954472367334,3175,1,725,9081,1,0
664,4018,64.52898375257169,3606,0,871,3854,0,0
1999,3110,59.57507281889567,3336,0,1686,8134,0,0
3446,1970,40.11879140389827,4897,0,191,924,0,0
1632,197,36.695607920480064,413,1,1986,2170,1,0
1496,2626,34.35604747757039,2014,1,1575,5506,0,0
3305,1202,61.71557833956468,1381,0,1265,2395,1,0
1137,2035,44.24099364806695,1098,0,137,8220,1,0
1854,477,83.1863113251422,3426,1,344,8226,1,0
1521,1254,66.96026161339618,3655,0,1203,5515,0,0
2490,922,6.993160570943413,909,1,1008,2670,0,0
564,419,64.01682238281661,187,0,1735,3365,0,0
1292,2204,27.11474365001848,4044,0,502,588,1,0
3582,2597,59.28119916534227,3756,1,202,3138,0,0
3458,1120,68.01319311034514,2015,0,572,9095,1,0
3459,3068,23.08291891540121,2092,0,191,6663,0,0
3185,950,45.68586448803686,3644,0,4,4086,0,0
1637,2336,19.03248628190678,2130,1,1913,8531,1,0
3000,2243,5.233887578650831,357,0,1260,4270,1,0
3153,2645,37.84764234858691,2422,0,1716,6019,0,0
699,1857,36.2944271845992,4257,0,310,9906,0,0
2161,4612,99.5480490704257,4545,0,548,556,0,0
2,1865,44.63523511976422,1497,0,55,8022,1,0
642,2912,33.35695494722004,2158,0,442,5452,1,0
2268,2853,58.047500671667464,2555,1,1260,3567,0,0
1590,4910,8.876739410776846,2342,1,869,3899,0,0
855,3228,96.16657359548132,2951,0,1884,6477,1,0
1760,3719,63.49600455910331,1238,1,1220,7500,0,0
3297,3228,75.48378199408478,973,1,584,1016,1,1
2433,2371,17.047793817391753,4727,0,1594,6470,1,0
3475,2891,40.94778530052039,3965,1,751,2062,1,0
1662,3756,42.26891133961895,1050,1,1537,9030,1,0
1154,4225,82.18064439010868,3701,1,1472,9829,1,1
1077,94,0.12366797594094425,2780,1,359,4321,1,0
1708,2674,30.085310835325508,1588,1,1723,3496,0,0
2778,1955,98.12363743443039,3878,1,818,1813,1,1
1696,793,47.488654350621864,2368,1,29,6256,1,0
1734,1834,38.25262802440083,436,1,1802,9643,0,0
1440,2116,11.982900201764634,2828,0,107,2313,1,0
2295,4106,97.41646286280155,1556,0,843,9706,0,0
836,3325,2.002635592582447,3858,1,1958,1231,1,0
3511,2919,73.71802250072432,1304,1,1625,9837,0,0
203,2597,76.85998047885084,2384,0,716,5831,0,0
3256,3205,24.365671606386663,182,1,890,2999,1,0
123,4807,67.15584436130374,1589,1,1991,3440,1,0
401,814,9.292914437938993,1587,0,1982,4056,1,0
767,345,25.704726643207987,659,0,959,305,1,0
294,2349,78.7901988292265,159,0,1468,9915,0,0
2328,362,86.46861920335402,3953,1,892,1689,0,0
2932,2443,60.84864126597913,1011,1,1461,9709,0,0
198,2265,50.683843182048264,52,0,731,3917,1,0
3030,2188,15.93040206189803,2307,0,1913,7080,0,0
1931,3005,6.310903307915017,1228,1,605,8611,1,0
3583,3281,11.764902847355863,1035,0,456,2936,1,0
2800,984,22.735730009609878,3702,1,614,3862,0,0
2192,1639,34.16745018969208,4045,1,1758,9642,1,0
609,827,38.090952551098724,4945,0,697,5649,0,0
3273,2730,34.63217685890035,4449,0,1719,3261,1,0
1148,3531,23.90553321972656,1264,1,1518,9356,0,0
187,4451,50.97242467516981,1884,0,673,1819,1,0
3398,2935,82.52861082328968,1809,0,1270,1342,0,0
2512,3876,27.970353847147923,3167,0,542,5560,0,0
3421,126,94.23870191022331,3797,0,1587,2226,1,0
1795,3177,87.33366617238478,2341,1,856,1079,1,1
660,3056,16.176421135210962,3414,1,1611,4206,0,0
2812,603,78.62759567570944,817,1,896,6280,1,0
3003,3449,57.458738231776664,2437,1,1462,7235,1,0
1956,4146,56.65753621714186,888,0,277,813,1,0
2451,3533,39.10427630581744,667,0,551,5089,0,0
1370,3367,50.115299918200975,4728,1,1636,2031,0,0
1987,3368,39.717877742921104,2624,1,110,8514,1,0
1535,3797,53.97326187599428,4232,0,384,9095,1,0
147,1792,62.795005277263584,4523,1,1856,9733,0,0
3220,2861,67.43038064090484,818,1,760,5911,1,0
2912,3476,53.24811925594262,2188,0,1214,2653,0,0
1735,3417,72.14220673287318,1106,1,1513,3340,1,1
1844,1645,14.12780492755058,2224,0,693,7876,1,0
489,1205,21.198249090223854,197,0,1449,1141,1,0
2977,3030,81.87350040742702,2671,1,404,9041,0,0
1960,2872,32.252797784641515,3492,0,1358,8558,0,0
1664,3072,2.2893824976120247,2448,1,1232,2897,0,0
2599,1854,15.379114966803108,470,0,21,9281,0,0
2386,4021,22.361443449631125,1948,1,677,4041,1,0
2920,4662,95.73228878945872,3899,1,610,2038,1,1
641,2708,57.30414289308493,2010,1,1231,4270,0,0
1803,3502,93.27307404762549,3800,0,7,4683,1,0
2521,1332,57.516335049662494,4118,0,701,494,1,0
1970,201,47.93544401378518,3796,1,1710,7116,0,0
2199,3507,31.372769119409604,3988,0,1808,1784,1,0
1439,4212,60.63709444333756,234,1,528,3510,1,0
3370,574,13.919802461752983,928,1,601,3786,0,0
1635,536,89.82616272927059,3607,0,1676,5266,1,0
263,1625,82.93324051412837,522,1,656,9190,1,1
1788,2122,31.753144787673705,3523,0,165,5428,1,0
2192,385,95.27975276012943,4526,1,848,6681,0,0
2394,3281,82.5200767415568,4888,0,495,6893,0,0
624,474,66.63068858350397,1629,1,589,9643,1,0
1017,417,12.17619111252748,4628,1,428,9943,1,0
3644,3600,47.823402304807225,1316,0,773,4658,1,0
881,954,50.61075548467508,2857,1,162,7082,0,0
2050,4971,23.25513583653801,1124,1,365,6869,0,0
2945,4858,7.9965394359301945,2587,0,1549,7607,0,0
1328,1205,77.67236304716927,1023,1,1262,7669,1,1
2302,4759,12.203505212439502,1378,0,71,6219,1,0
453,4120,59.429075056177474,3374,1,1468,4534,1,0
3109,1990,93.64491738836605,1519,0,654,5979,1,0
1184,4805,87.61051925980425,226,1,1845,8890,1,1
3063,3572,27.775262374926115,4968,1,1532,1312,0,0
2057,4380,85.14486375512654,891,1,1818,2962,1,1
3305,4158,0.03325061204894064,4072,0,268,2938,1,0
3171,4757,1.7687809613257222,2257,0,1776,3197,1,0
1683,2713,60.255316384286495,2788,0,414,5296,0,0
2864,2203,36.47982191445295,396,0,1268,7204,1,0
2256,3120,38.64608411591471,2078,1,1015,5730,0,0
1155,966,56.44410906788825,4744,1,674,126,0,0
404,4944,19.17824555918606,4424,0,1083,5602,0,0
2200,3432,21.175535066547834,3237,0,5,1191,0,0
2102,688,48.46015870188647,3893,0,1732,2639,0,0
3192,4243,75.4253544343863,2005,1,981,1366,1,1
1697,3701,61.94977514075877,2016,0,569,9211,1,0
628,341,29.73550482368389,3171,0,1840,6453,0,0
587,1724,43.03371775089212,2668,1,406,6671,0,0
1649,4422,17.06647585499984,1878,1,1240,6683,0,0
1444,1792,7.462981433708171,1196,0,1953,4539,1,0
1446,1759,78.26960407441493,1772,1,25,8876,1,0
104,3212,26.53874091881946,161,0,1838,2887,0,0
254,989,17.77663878512482,3976,1,1028,9654,1,0
3299,2262,69.16180555693194,1751,0,985,4086,1,0
3184,2482,61.8051674287186,775,0,1555,2261,0,0
2558,951,63.318962601346406,939,0,389,4180,0,0
1497,722,22.889460484661363,3220,0,709,2841,1,0
99,3389,23.2645538562681,539,1,570,9959,1,0
2201,2079,22.080262978563916,4917,1,1471,6040,1,0
1885,2717,17.375259566229452,1461,1,753,3560,0,0
2962,2332,65.57236725616563,355,1,145,4758,0,0
1920,3376,84.80158852494014,3604,0,1411,626,0,0
878,4524,72.43174696766613,3323,0,784,5014,1,0
338,1500,79.20936337605433,234,1,1272,1375,1,1
2870,285,40.479842908519984,1548,1,525,1181,0,0
3235,3495,65.40757953719981,2096,1,1485,5708,1,0
957,2065,35.42362404447745,4213,1,12,490,0,0
1705,768,52.550462196864004,2101,1,902,3729,1,0
161,3057,48.163484653486236,1673,0,383,5974,0,0
1604,4289,17.68871451438544,2100,0,555,3534,1,0
2849,2161,38.70787603356308,3657,0,886,3296,1,0
398,3293,96.3822275482351,4653,1,1422,1940,0,0
1301,946,24.85802577149421,3596,1,18,5014,0,0
816,4926,13.380373627948872,3748,1,574,1882,0,0
1528,3335,41.85806216239353,3173,1,1514,4908,0,0
1920,4150,79.03377358601482,1815,0,750,2987,0,0
1416,4895,58.21482297799723,3841,0,1003,5585,1,0
1159,4873,68.09748272382446,2005,1,418,3159,0,0
1219,1481,18.96948481746772,4493,0,1360,4530,0,0
401,1901,61.894819300772156,674,0,418,681,0,0
640,3451,32.35003949114738,386,1,1938,5254,0,0
3105,4064,83.43033659547675,2158,1,1939,1073,0,0
2736,54,62.92988060107362,2661,1,1635,2387,1,0
460,1823,19.885627777529592,2064,1,1698,2693,0,0
955,3462,6.4616679844086145,3851,1,1951,9562,0,0
470,3079,4.263320928703274,3253,1,121,4340,0,0
3447,832,37.14085676501407,4979,0,431,2156,1,0
1046,4408,26.585113665431347,4636,0,43,7966,1,0
2798,2806,64.60901234625081,4266,1,1895,2580,0,0
1694,2490,49.933383497861826,739,0,1943,7257,0,0
2086,327,26.60192780053807,1401,1,1340,2159,1,0
2278,3310,14.923777795017612,3259,1,380,6772,1,0
3437,3300,12.71997626874496,2277,1,144,1627,1,0
563,3675,86.46603921404177,3904,1,1350,8219,0,0
2486,3054,24.347796840486723,3923,0,362,7080,0,0
1800,2143,65.17106479109684,4214,1,1073,1985,1,0
3355,1311,81.06859279862663,3227,0,1088,9713,0,0
2075,3191,61.408131118473605,2831,1,354,8488,1,0
226,2538,85.95652316469457,3758,1,799,2181,1,1
3349,3983,39.23937215284745,2512,1,1187,2296,1,0
798,4547,95.62221906489484,2151,0,1164,7164,0,0
2332,164,13.314500417809693,3675,1,1989,2597,1,0
2927,4277,10.21495296575381,2745,1,825,901,1,0
960,822,65.86921462074436,3866,1,1151,6060,0,0
1505,943,94.28311414132618,3764,0,397,9290,1,0
453,4425,80.8883461636328,2222,0,1956,1677,0,0
3068,774,7.641685943805143,2792,0,879,2881,1,0
816,2198,27.936771393471638,1697,1,462,5622,0,0
659,3156,93.03188848378237,3462,0,1774,8052,1,0
3588,4242,25.305843280078456,4063,1,1859,1378,1,0
547,3695,78.11704237869192,1524,0,807,1248,1,0
1216,3452,82.51321959287039,4760,0,186,5650,1,0
3121,914,49.54521034609818,32,1,1743,6079,1,0
3584,1308,38.63489098483155,4025,0,731,9456,0,0
17,4177,45.012443241975966,2566,1,1935,7036,0,0
3244,513,22.696469436536415,2803,1,1213,6487,1,0
1244,1920,88.93909161288443,3896,0,1411,1058,1,0
2206,3594,45.06196567297579,3709,1,428,2048,1,0
2525,4841,88.24594404560997,719,1,857,6115,0,0
1070,1409,10.56934799062741,4579,0,1307,4248,0,0
3445,4802,98.82752710001313,972,0,1887,2476,1,0
2566,4566,44.32730874436183,3718,1,236,4603,0,0
2147,3190,4.783082039410546,4402,0,1217,3553,1,0
1769,4491,3.8021848237454914,4552,1,1310,9953,1,0
1061,1555,74.62072574818386,2207,1,770,220,1,0
2328,804,65.90355342036808,4426,0,757,4818,0,0
3421,1279,80.21305581275875,4320,0,135,7192,1,0
2545,3577,10.536753395280595,3030,0,791,4623,1,0
302,2901,3.557086703554835,3575,0,1806,7349,1,0
181,1387,50.857928944757845,3116,1,170,5618,0,0
607,4688,38.759523148276955,3285,1,158,9856,0,0
3171,2761,46.19469366709558,643,0,200,7209,0,0
700,2679,99.1588408870274,4711,0,1510,4576,1,0
993,2106,97.07499576706702,194,1,1580,1871,0,0
1140,4223,94.23153896731928,3996,1,961,7915,1,1
191,4831,78.38426767676738,488,1,1799,1462,0,0
2301,2768,35.48413602568904,2204,1,582,5521,1,0
981,3953,41.21309302627716,2657,0,1527,8536,0,0
2976,3186,54.96160437189245,3276,1,875,8236,1,0
2007,3280,83.05344564048399,1102,1,370,7813,0,0
1185,2573,6.871283251826776,1241,0,102,2068,0,0
3328,4616,42.429688588488816,515,1,1001,5753,0,0
3395,2599,8.261766345926869,392,1,1148,7237,1,0
128,4033,51.46575865735116,630,0,1336,7016,0,0
2066,236,89.89008240062354,3716,0,975,6191,0,0
1817,1304,78.24849245639379,1847,0,797,1514,0,0
1759,3430,22.784241754310997,2655,1,1481,2598,0,0
2614,1301,97.59908495987925,979,1,1253,1001,1,1
570,2541,66.73503980464284,4529,0,657,1033,0,0
1347,2051,1.0427699397403067,3402,0,881,6899,1,0
1896,441,25.541348468521953,3871,1,1220,8465,1,0
2734,2076,26.071329991991654,277,0,1908,5051,1,0
626,3180,6.9254306285859935,232,0,732,9971,1,0
3360,2657,95.9826518075929,1552,0,422,4476,0,0
2902,3798,47.825529457592374,3270,1,571,478,1,0
1687,804,89.5814597371882,2409,1,1633,515,1,0
3010,74,32.221550344462834,3512,1,170,1191,1,0
155,2175,12.523357043282711,25,1,1405,6297,1,0
2538,3924,47.43361099062139,460,1,172,9603,0,0
1410,2089,11.395663471431716,3764,1,662,271,0,0
785,40,48.601550297753995,3431,0,452,8334,1,0
3176,2081,92.02971812194077,3483,1,349,7778,1,1
3465,4683,52.07681418342127,1994,1,1925,6008,1,0
246,1622,61.649972689508346,490,0,1975,7987,0,0
3248,341,15.66384369738083,1072,1,1657,3332,0,0
3111,4052,4.373562587996949,3173,1,493,787,0,0
1501,2074,11.080796217980705,215,0,619,6222,0,0
1706,645,59.853157568436565,1723,0,1027,9873,0,0
2807,4826,9.501169899230465,1592,0,1116,622,1,0
538,4263,37.59928899413114,2606,1,918,3841,0,0
1891,609,55.009194045815605,158,0,5,3676,0,0
1842,454,38.8652798629847,4781,1,287,2572,1,0
921,2953,16.36838014653015,3313,1,1641,6915,0,0
2456,1708,27.379130751410653,2841,1,1169,5033,0,0
525,3472,92.8317532848577,1776,1,1806,7788,0,0
2876,2969,67.59822755863554,2052,0,1447,5214,1,0
1530,3028,49.60478386798866,2295,0,1913,4712,0,0
2951,4797,1.2714889986893518,1696,1,607,66,1,0
36,2681,99.24154004894702,2993,0,456,7533,1,0
685,3629,67.14549348946433,2469,1,1764,4616,0,0
20,4225,31.692247734494494,1946,1,1225,1140,0,0
2369,3067,87.92686599978381,3809,1,1235,5730,0,0
2560,1386,25.84316202918181,2783,0,1029,7465,0,0
400,3776,54.40165791827516,3644,1,623,9379,1,0
2702,2866,63.607076372982505,2500,1,375,4471,0,0
972,4788,22.106337145372844,3645,0,1914,3339,1,0
1907,3363,97.83972788005958,2645,0,446,548,1,0
2519,4889,74.81919059789975,2349,0,834,7675,1,0
1167,4124,55.781322551106996,1932,0,1129,8264,1,0
1116,148,18.059459817530087,3294,1,1674,198,1,0
3426,3850,5.385820699802613,1757,0,810,9973,0,0
834,2058,32.005983252098346,1116,1,1424,571,1,0
1824,1136,75.31873359134028,2567,0,1119,790,1,0
2775,186,26.933129830202507,3499,0,1411,9830,0,0
1983,2854,53.95562204955051,492,0,958,1174,0,0
854,1250,72.79471767307432,3306,0,1475,178,1,0
51,1333,10.794371464646435,619,0,848,2244,1,0
575,4193,68.52980161158733,3232,0,808,4086,0,0
3262,4150,9.18708877100447,3823,1,978,734,1,0
1149,2711,96.51297421269966,2380,0,1924,6232,0,0
2198,4853,48.839413006493956,1546,0,415,798,0,0
2362,4501,15.067610770987738,4958,0,725,7601,1,0
2618,1785,34.23836360335465,3563,0,1527,8979,0,0
3414,750,41.34164492952615,1605,1,453,2795,1,0
2353,1762,75.81850110765373,3752,0,1314,4588,1,0
1716,3920,74.34237860766093,4675,0,1557,7297,1,0
682,4460,61.194050533733105,1890,0,1216,3084,0,0
838,481,10.593071255849296,1275,0,149,731,1,0
1078,153,15.15693715876736,2743,1,1903,1129,0,0
3051,1524,9.375692064555663,2493,0,758,1605,1,0
2492,2120,57.71727832875501,356,1,778,2933,1,0
2661,2343,87.71384415114039,869,0,972,9407,0,0
3041,1240,43.38005122547718,885,1,762,8516,1,0
2312,60,16.08481739577462,2001,1,1001,5074,1,0
3125,938,55.804232514896704,1283,0,1538,7099,0,0
1596,1639,81.17522168657099,619,0,1416,1490,0,0
3052,4120,74.171206151293,882,1,1339,893,0,0
5,4226,88.14507796750213,796,1,75,1390,1,0
1127,3569,27.790209724886783,3642,0,598,3389,0,0
1220,1252,19.395386726777485,3425,1,1293,4239,0,0
774,4203,87.98164859419387,1296,1,224,4479,1,1
877,171,65.75603127780231,4714,1,1553,2263,0,0
992,1458,31.092893000755417,244,0,112,3432,1,0
2932,3549,74.23480505725092,2895,1,250,2371,1,1
3422,4197,81.51183844803678,929,1,1256,4312,0,0
47,2322,61.497824034113236,519,1,840,1515,1,0
2915,1636,68.78841098799151,3212,0,1814,6326,0,0
2871,3115,37.52599044426663,2409,0,713,7088,0,0
2984,4090,53.86956673430391,7,1,1106,5586,0,0
2704,3004,52.415917072616224,2525,0,124,2917,0,0
269,329,84.80477911307719,3423,1,1198,5731,1,0
370,3640,83.99639802821825,2019,0,1092,7686,1,0
636,3894,83.26804693470432,4590,0,1070,1167,0,0
1130,4107,1.1031614262465794,4282,1,883,8302,0,0
1694,1341,74.95454844688882,3667,0,1279,5109,1,0
1683,3663,75.86763901110048,3671,0,1750,4327,0,0
657,215,67.83788228551418,2801,0,29,5810,1,0
120,338,75.62646578914526,85,1,280,3655,0,0
831,4062,84.19703714967088,3115,0,923,3793,1,0
1811,2708,47.03190541017857,4232,0,1260,9947,1,0
1082,3152,50.20502134884472,2468,1,1271,6738,1,0
1975,1750,12.471405691139047,3619,0,367,1577,0,0
1370,2421,38.53758830473618,1636,0,494,9488,0,0
741,709,64.33651799117843,3583,0,1048,2220,0,0
3546,3726,78.03997761472745,4009,0,1609,9164,0,0
117,3642,21.720909769121054,3326,0,717,1030,0,0
1854,3993,13.78228991592354,2218,1,1513,6691,1,0
2839,488,66.30420045004922,2217,1,1016,3992,1,0
1151,46,0.18798835249106416,4967,0,1517,913,1,0
3465,3359,17.837258430732984,2369,0,1337,6358,1,0
1932,4873,2.9071380343953734,3638,0,605,2181,1,0
1013,4806,16.688511785487094,2503,1,374,3197,1,0
1665,400,18.131927992550523,943,1,638,6040,1,0
1082,3990,38.76735947503942,2837,0,1960,1462,0,0
634,3157,40.2327124686556,2660,0,1048,7037,1,0
513,4345,87.42624706102377,2936,1,1357,9499,0,0
2850,390,51.010971249882516,4444,0,1378,4994,1,0
1120,3853,72.34047656122863,3947,1,115,9381,1,1
1142,4430,10.413735792028744,1676,1,47,5308,0,0
560,628,22.543875546369385,1196,0,1761,6221,1,0
488,4232,70.29434409786768,4105,1,1801,7090,0,0
3309,2930,5.280396046852809,2787,0,98,7769,1,0
897,1521,48.65976622437531,1461,0,1482,687,0,0
3344,826,59.936896566293385,3318,0,1546,4661,1,0
1213,4822,60.214564405248105,666,0,1620,9399,0,0
704,1500,2.293281126804203,2176,0,404,1894,0,0
1471,3294,32.21080042291855,3743,0,1237,7389,1,0
581,2419,63.6490651049154,600,1,684,4922,1,0
2838,934,14.899973614924345,2652,1,902,6322,0,0
2909,3042,69.54156483280532,4422,1,502,3183,1,0
2295,4497,74.59252088136745,3824,1,1744,3797,0,0
3148,1466,98.19691904461453,3906,0,1471,5178,1,0
154,3561,20.984199485640943,979,1,893,9836,0,0
1680,614,82.51306676661152,2451,1,1599,3968,1,0
3507,1182,52.0296576918654,628,1,257,2716,0,0
997,3223,37.34625961441734,1629,0,843,190,1,0
3158,2667,12.237675732517793,3696,1,120,1335,0,0
2745,130,73.55056064875376,3430,0,809,8181,0,0
3357,2983,23.585759914368708,3674,1,977,378,1,0
1244,4278,37.142200187304574,3929,0,53,3829,1,0
1093,4459,6.254222689736844,2765,0,1018,6380,0,0
3119,38,80.13669158195191,4369,1,1354,615,0,0
1009,3959,76.65885239716434,4780,0,783,2330,0,0
2142,3587,73.36158300423125,115,0,240,1754,0,0
1774,920,29.94435104918867,4956,1,1778,463,1,0
958,2769,17.348007426595725,2003,1,1553,9158,0,0
3060,4111,63.75532644702297,692,1,482,4267,0,0
453,492,49.616638411321944,3162,0,1012,3158,0,0
1228,1131,17.82524669046416,1105,0,186,3624,1,0
2960,3521,68.59112710498637,3008,0,1881,4938,0,0
2266,310,99.11264318213037,2161,1,655,5417,1,0
2522,738,74.72195877420377,153,0,261,6004,1,0
2480,3241,73.99863866856118,3699,0,952,8881,1,0
2389,545,95.03127529305917,4410,0,1387,5603,1,0
551,2461,20.29363675749022,3786,0,490,2212,1,0
1636,4346,56.55499649214404,1064,0,430,6120,1,0
1313,4854,97.96467150338835,4200,0,238,5818,1,0
3326,1804,16.529411097017455,1913,0,303,382,0,0
1758,3212,70.02519594445211,1216,1,297,2256,0,0
357,3810,58.5810145971902,2401,1,75,1412,1,0
2071,813,58.647909218870694,1772,1,1723,9775,0,0
1786,4124,69.76706275200752,1960,0,1356,6146,0,0
2570,2032,92.96169228756843,2780,0,1923,371,1,0
1782,4572,78.2581939851338,4804,1,998,5806,0,0
3172,4413,5.613610341621,4746,0,1781,5565,1,0
2850,244,85.27280198757113,2871,1,641,8802,0,0
3252,4843,22.554132992573262,660,0,1497,8307,1,0
3295,4792,37.6914164736372,2635,0,826,7437,1,0
2810,271,46.17328136123822,2329,1,1946,446,0,0
2490,3511,48.090600075306966,3954,1,282,1391,0,0
1632,1771,43.51803992553568,2450,1,590,1340,1,0
2817,1262,93.73532942158644,1132,1,71,2939,1,0
1016,2424,70.60190076640247,699,1,1286,5969,1,1
1349,4361,63.117064595670634,2038,0,702,9265,0,0
516,920,4.984202778294156,4647,0,1902,4813,0,0
3088,3430,90.39133302603747,4500,0,1910,3569,0,0
2840,4435,90.93901920083962,4557,1,1965,5454,0,0
336,4484,78.02130634301024,2179,1,574,3150,1,1
1783,2624,0.7029203813619156,2838,1,999,9797,1,0
2306,3760,5.728025107762336,873,1,891,6414,1,0
497,2050,22.522370226848977,83,1,11,4657,1,0
896,3500,13.134940814490669,1422,1,140,6947,0,0
2208,1165,39.88360297037295,2675,0,1789,7943,1,0
3547,375,92.26230580877896,3180,0,1578,3662,1,0
852,2033,47.206043419699824,4316,0,16,4482,0,0
1688,145,1.340262643216561,3975,0,1086,4797,0,0
1932,4388,28.274568957876202,1391,0,252,5068,1,0
2738,431,4.459490837296154,3218,1,464,5480,0,0
2428,704,3.6287622613502157,4207,1,375,8033,1,0
1569,2632,27.571985309555224,614,1,1827,983,0,0
957,4494,27.56123386789454,2971,1,980,5607,0,0
2739,963,78.7126602601604,3565,1,519,8543,1,0
3499,2234,97.4834652781112,3576,1,1860,9916,0,0
1637,2041,37.12070938899983,4570,0,89,9471,1,0
1292,1828,42.88868788610386,270,1,719,1907,0,0
3649,2108,84.47894362860214,4066,1,803,6924,0,0
1441,4068,26.813902009551338,2468,1,795,9216,0,0
1192,938,15.638180440344795,1390,1,629,8737,0,0
1067,4805,85.30896234036504,3354,0,1884,4174,0,0
3628,806,4.650058644006549,4135,0,1198,9080,1,0
285,1463,61.96994401994157,3607,1,75,7265,0,0
2445,3415,56.199284746680675,2583,0,1636,9297,1,0
12,10,34.59204475016943,4073,0,925,1990,0,0
1631,1868,31.5189521097359,3075,1,1686,5596,1,0
3374,4867,77.18577261816213,3906,1,399,3998,0,0
3325,884,8.642461076254648,289,1,1805,3775,1,0
2547,3564,23.67843093113854,2480,1,969,9112,1,0
754,1389,73.24487318380898,3252,1,1094,4645,0,0
2083,3401,54.83205837264242,278,0,1203,2061,0,0
2775,4321,12.798820853358638,2924,1,1147,4487,0,0
2897,824,88.213561428206,580,1,1404,4435,1,0
90,2265,39.34478465635915,4958,1,1316,2644,1,0
776,936,82.78683753221728,253,0,796,1045,0,0
2653,2800,78.77130155277086,4276,1,194,7951,0,0
3018,2553,62.4425446471728,4776,1,1934,6449,1,0
1626,3845,49.448113129509295,824,1,227,2681,1,0
3070,1796,97.95508403817568,3832,0,1454,3199,0,0
418,53,14.496507237981703,699,1,1965,6768,1,0
115,726,72.51557275511148,1380,1,1459,9130,0,0
617,2736,19.1190701464789,3896,1,1810,7440,0,0
3268,3170,33.82631053323484,1673,0,460,8633,0,0
826,1913,30.869874337319526,2727,1,617,2550,1,0
3573,1596,94.7035987738723,3156,1,1044,4225,1,1
1650,1914,96.73561777882752,3388,1,63,596,1,0
1517,2466,18.301544423472716,4307,0,164,6054,1,0
3147,2737,2.2035160297504186,383,1,26,1505,0,0
413,849,72.00080396631131,341,1,1334,9053,1,0
3448,2109,41.798993387048434,1987,1,1011,6468,0,0
3492,2,8.884024508756438,4059,0,284,7236,0,0
729,4255,68.37541055770426,4939,0,1683,1551,0,0
3349,4069,54.51055282606997,3109,1,280,9928,1,0
3069,4876,98.0516822001106,4082,0,837,6852,0,0
2809,892,22.740949586137894,4515,0,830,1449,0,0
676,2030,40.397787632654826,2798,0,1187,5953,1,0
3466,3160,54.254580339542294,3240,1,1921,8456,0,0
1893,2376,79.16999884533517,1988,1,917,8042,1,1
2505,4675,54.88386567200587,3414,0,223,2659,1,0
2968,1933,61.29001608619492,1849,0,783,7509,1,0
2240,1380,22.614705158994074,305,0,1169,7893,0,0
2787,3681,84.69187280885599,3613,1,964,7445,1,1
1123,1290,42.86305469704757,2749,1,949,2721,1,0
1572,1640,14.095962752176927,4964,0,1891,9654,1,0
978,2682,66.41879145054173,1135,0,1053,9637,1,0
1009,987,21.60904531853075,205,0,44,2925,0,0
2144,1218,9.756251023929973,4591,0,1810,9824,1,0
1688,1355,86.19869084042723,3450,1,470,7104,0,0
2711,4265,46.016226448843966,3811,0,33,6240,1,0
3262,4616,74.92837126957764,3622,1,652,512,0,0
37,4135,29.05875598063551,3599,0,1450,215,1,0
3441,1560,78.69701349176663,2551,0,829,7299,0,0
1549,1418,11.193592702153033,4308,0,1909,3153,1,0
2327,954,35.597337379485275,309,0,220,7450,0,0
2265,983,97.80618179735285,2708,0,1891,1706,0,0
2915,974,79.39897163680061,1991,1,533,1567,0,0
873,4133,49.72559303146882,271,0,691,1128,1,0
1822,3972,33.97774715618851,3642,0,1971,3510,0,0
1297,913,87.21357000224765,4086,0,1390,7867,0,0
2110,4549,54.48477590845157,1822,1,931,2365,0,0
596,36,75.84250178691111,3273,1,840,5583,0,0
1904,3387,75.4107680316164,4538,1,1766,4897,1,1
729,1711,1.794567856849183,4349,1,1010,5718,0,0
1366,3020,12.625378279261346,520,0,1938,6001,0,0
397,795,65.96293663947422,976,0,1573,4567,0,0
699,4036,16.161981128587144,3722,0,581,9271,1,0
3091,4688,25.54933446556047,3551,1,1139,2741,0,0
2225,3111,94.66379541996072,4105,0,238,3020,0,0
1636,1324,56.01822583749119,2773,0,1358,6256,0,0
396,317,75.07295069993472,2552,1,440,228,0,0
2493,2396,55.798073878263985,2832,1,147,8362,1,0
3305,2162,55.25136147827252,3907,1,1032,294,0,0
76,2745,9.41519101256979,152,0,1311,4284,0,0
265,1591,34.3663192609103,2964,0,387,8617,1,0
2503,3111,28.24308986865117,2916,1,1073,6801,1,0
1820,3930,39.07283656136132,2800,0,1873,918,1,0
718,1996,79.83441882243282,1752,1,1540,498,0,0
2783,1312,37.19326679168648,2610,1,915,2809,1,0
3456,1285,45.16968192316827,3875,0,1878,4961,0,0
3636,4311,39.73813904853165,1104,1,637,9017,1,0
851,2383,9.340797197529561,2536,1,1610,3779,0,0
3578,3239,44.10721582507837,4990,1,1700,2118,1,0
1391,2139,19.560927304451504,4199,0,277,6391,0,0
144,1704,18.672329577304147,3854,1,1977,145,1,0
885,362,9.403610443426636,3494,1,1859,7942,0,0
3141,2604,35.667097414176475,1914,1,988,4565,0,0
3171,1716,75.74818847894174,3072,1,1323,192,0,0
396,4451,27.644169058339607,1006,1,1825,5187,0,0
3097,4286,31.234910188551357,406,1,588,6637,0,0
2996,3738,64.26746576724236,166,1,1833,8243,0,0
2939,2469,19.58408125869189,508,0,648,2410,0,0
1493,4795,89.69579304235343,1661,0,617,1820,0,0
3556,556,52.01905232515544,3664,1,1630,2964,1,0
3637,825,44.7602940320217,3489,0,134,2521,0,0
3223,2808,55.78201919292014,4858,0,579,2568,0,0
1168,4521,16.603431341619547,680,1,1170,5882,1,0
2617,2719,61.34731386391763,2524,0,489,1867,0,0
1063,3508,36.31007366340104,2120,1,477,7465,1,0
2157,3741,89.7186340964619,4677,1,1182,7602,0,0
1066,1574,16.885420667768614,4357,1,383,3199,1,0
1210,3998,50.705110386544106,1363,1,162,6103,1,0
2983,2129,59.8112629369018,1331,1,440,240,0,0
2446,2403,3.3383601786381223,2292,0,1876,3440,1,0
3295,3329,36.369312475614024,1538,1,1212,4631,0,0
634,588,73.26352347008329,3408,0,414,9599,0,0
1157,2012,82.03775074489734,560,1,1362,8274,0,0
3235,1547,31.316199481728233,1099,1,1630,5077,0,0
1239,294,79.85932723827513,1903,1,1204,3768,1,0
733,1985,96.77558771033888,174,0,287,9142,0,0
235,3117,85.6873936075094,2156,1,1857,7995,1,1
2706,1690,11.76439881593252,2230,1,186,8802,1,0
751,1136,73.97303320855406,4287,1,1907,6429,0,0
2636,2064,31.966683244054472,4160,1,1161,3605,0,0
3081,4455,98.84159894120765,3920,0,129,2173,0,0
3146,4795,48.53589831598871,1497,1,193,9714,0,0
954,4543,12.243389835894103,3854,0,315,6568,1,0
2540,4770,72.51855480273908,3171,1,1808,2601,0,0
2961,1007,32.30111983862138,1567,0,1887,2657,1,0
3325,2514,99.70781570816617,1151,0,143,6080,0,0
3302,3526,97.97824578545219,368,1,15,7325,0,0
1543,4681,65.61340180205806,4946,1,1325,2159,0,0
1198,1247,12.982644895171758,42,0,422,3830,0,0
1677,3902,68.68609976750291,1907,1,244,8313,1,0
1192,1435,9.30304864600272,3490,1,926,4368,1,0
2218,571,2.9364159102392318,2535,1,1130,1317,0,0
1417,2382,82.2958446221486,4173,0,1111,4493,1,0
2994,1245,20.975294768368137,2873,1,128,1230,1,0
2843,2084,37.90271262190974,1824,1,906,1133,0,0
2682,277,97.34573899761732,1293,1,886,7607,0,0
1218,1887,33.684050186110326,4769,0,340,1301,1,0
1541,4579,29.648978128331528,4796,1,3,1910,1,0
2077,1265,91.82079996227752,4854,0,1350,8082,1,0
3237,4826,11.074844531895812,3386,1,1433,8107,1,0
1446,1040,75.95824101146317,2972,0,1902,9697,0,0
2387,917,98.8065566652774,3922,1,305,7970,0,0
1520,885,90.12960107746488,4997,1,907,1916,1,0
1389,2752,65.1667918706426,992,0,606,6996,0,0
1857,21,31.406079499273197,2386,0,1744,2757,1,0
1366,4569,25.43219811783167,2240,0,1248,6464,1,0
500,3191,81.92551048714611,1476,1,1994,178,0,0
1681,2353,87.98219139516952,3407,1,1371,9088,1,1
511,4799,52.54349125456928,389,1,991,6362,1,0
3399,686,24.433994078646613,999,1,320,9743,0,0
217,284,11.294320841117356,4620,0,558,8683,0,0
1325,4811,8.717946783183116,1855,1,1204,60,1,0
1156,3747,71.90774473538556,658,1,617,9269,1,1
1828,762,42.0118727847725,2763,1,710,6681,0,0
3142,2428,90.53598742778703,3663,1,1409,2895,1,1
3324,2507,73.96713007267637,4986,1,1641,585,1,0
3487,28,19.12604179145867,1481,1,1815,5823,0,0
1811,906,61.377741881569904,3731,1,1795,534,0,0
2493,3104,43.550545439815934,451,0,1131,3462,0,0
2924,3999,57.72497307686131,2475,1,530,4011,0,0
1206,2994,73.80691233385171,3222,1,409,3398,0,0
2215,2506,80.61958810037908,1537,1,1994,2155,0,0
91,4665,84.37373264067243,3093,1,1319,5966,1,1
714,3609,25.397487457202473,882,0,817,7329,1,0
1882,3553,3.1115599917357684,4408,0,1194,6957,0,0
3603,1453,73.92947351647732,4068,0,1354,9196,0,0
39,4833,10.634372625577459,4935,0,492,5325,1,0
3198,3356,31.491958861296766,2566,0,1218,8518,1,0
3523,515,0.38171341243471435,3277,0,11,4703,1,0
173,38,68.166948240162,374,1,194,2706,0,0
653,3342,16.713201147122124,4546,0,489,1,0,0
754,886,65.52824096916582,3697,0,794,9225,1,0
1244,2844,99.17426171678389,3062,1,880,8316,0,0
1082,2204,7.267087161001628,4690,0,181,1104,0,0
1684,1098,7.707801195146069,3250,1,961,1861,0,0
2524,1823,34.03800926666749,4595,1,1840,5269,1,0
456,3201,86.6386514251342,4559,0,655,6943,1,0
829,3155,21.552986879133186,112,1,1921,8320,0,0
895,3093,36.037781993034756,3197,0,1339,437,0,0
1385,3530,6.8505406626979575,2378,0,693,4846,0,0
1959,3778,76.31552912588894,1924,1,29,3129,0,0
3073,2896,40.83063427594511,139,1,1619,9413,0,0
2435,3453,75.92487330608428,1424,0,1701,8081,1,0
1997,3511,90.3607844346795,2949,1,1819,901,0,0
2396,988,23.276314710128876,3168,1,1816,5398,0,0
190,4116,80.73960303399514,516,0,1119,6678,0,0
505,4964,5.909389007825327,2616,0,1404,5529,1,0
1215,4026,89.88473881802473,887,1,777,6604,1,1
1532,4179,65.07685475587473,3104,0,443,3918,0,0
3441,1682,87.42267241383516,49,0,297,1067,1,0
3481,4665,0.018839955658189744,3951,0,807,26,1,0
824,3963,16.90810703559925,3560,0,1760,6937,1,0
929,933,38.975938742649205,18,0,844,7264,1,0
934,3598,37.950290337471856,4821,0,1015,7118,1,0
1141,3233,22.673038292351066,1473,0,1384,547,1,0
134,1980,38.16119398672001,4061,1,1397,8758,0,0
2106,1855,12.884871200025483,2606,0,553,8895,1,0
3628,3056,41.27611292660261,451,1,302,5338,1,0
685,792,80.23543291592642,3765,1,420,3140,0,0
2720,791,47.90700631033512,2438,1,1269,7996,0,0
2221,1809,1.8000088945214987,4310,0,1743,1590,0,0
1853,2255,42.14440415792474,1549,0,1260,7776,0,0
815,3610,2.717501609084416,3474,1,1557,4943,1,0
1173,1607,96.62434107067982,127,0,184,8997,1,0
80,984,12.745395942286898,4855,1,467,7798,1,0
2934,3676,70.76883263306188,2761,0,753,3791,1,0
3285,3380,97.27763228920858,4456,0,362,1357,0,0
203,519,82.60390516665719,4664,1,1306,8092,1,0
2812,590,69.93153751262037,1415,1,1576,3225,1,0
1253,1050,83.9460909500767,201,1,335,2460,0,0
1700,3633,98.17986932606276,2369,0,161,8737,1,0
1251,4444,62.13444972535296,517,1,1183,2728,1,0
1683,959,55.918480682932646,1341,0,1497,6726,1,0
1556,692,62.82381104632814,4776,0,1624,7481,1,0
3513,3899,53.2675886761555,1988,0,1345,6430,0,0
3474,4473,63.50891059097188,3545,1,11,3114,0,0
2095,2946,44.98422079725592,4520,1,1447,616,0,0
1257,526,21.84431828833071,3802,1,1096,3644,0,0
3377,3224,12.024722651167563,3275,0,587,6413,0,0
1550,2253,6.834093553226039,3654,0,1881,1203,1,0
1167,3344,26.331578375320007,2434,1,200,9951,1,0
3487,3965,4.6123564335733835,4873,0,521,2565,0,0
3585,1875,56.71707799193856,207,0,1887,3174,0,0
1397,1763,28.382844702352028,2633,1,504,3081,0,0
3638,520,82.45348080870322,4117,1,1761,2630,1,0
3331,1016,7.424087298838645,153,1,1711,3161,0,0
2704,116,22.635149434148595,3366,0,787,4321,1,0
471,2433,73.02461470901459,4314,0,1062,8861,1,0
3019,583,59.88082963834914,4764,0,59,6269,1,0
1036,394,6.449127124916753,1518,0,577,7099,1,0
1354,3788,87.72394571622004,2600,0,320,7376,0,0
2784,2768,87.72617628261796,2195,1,1458,4078,1,1
2832,4167,33.040800387577384,4498,0,1659,5801,1,0
968,3860,34.04058433495647,4691,0,1699,4151,0,0
358,273,98.90283583501738,3554,0,1431,8911,1,0
3020,2013,62.61761715931382,2414,1,922,2600,1,0
3480,4433,53.13165205680591,2849,1,1409,6175,1,0
668,1389,83.81521835519244,1742,1,1694,666,0,0
373,3566,28.529033835731642,1306,0,568,283,1,0
1032,4702,42.91825933963569,3849,1,1101,5840,1,0
1146,165,26.777667548833417,4168,1,1217,3565,0,0
1372,1567,78.91608465887315,4576,1,1308,4593,0,0
2724,728,57.3349345635218,4655,0,526,1465,1,0
90,2043,65.88250701400705,4840,1,523,8321,1,0
2746,4197,25.230724983940654,4195,0,612,4734,0,0
3388,3496,22.02253013773151,2555,0,1179,6257,1,0
3250,778,48.83746289829387,2305,1,1363,7366,0,0
540,213,73.75657490928268,4508,0,124,3672,1,0
2780,3762,52.523975752016014,1088,1,870,7382,0,0
869,1576,3.2645677545668605,2642,0,279,6587,1,0
41,2448,86.85515063202888,1177,1,916,992,0,0
740,2936,6.468689351513158,4916,1,1929,6858,0,0
1947,3117,95.58244837207522,4757,1,621,2121,0,0
2550,591,2.5141958277272725,2994,0,845,2223,0,0
3007,2720,69.44504561307087,559,1,1892,4522,0,0
3217,713,8.220706371178165,2964,0,1681,3188,1,0
1225,935,91.06765794351396,1271,1,1751,3237,1,0
929,4337,46.443323622554274,1813,0,1933,4136,0,0
2037,1,13.752377481701538,2915,0,673,343,1,0
2509,2848,34.08156997898466,609,1,1151,4704,1,0
2780,4044,16.482467534676204,2461,1,313,4823,1,0
2800,1949,17.058191155709,4120,1,331,4920,1,0
925,917,94.81083201714422,283,1,1173,3201,1,0
2957,3174,44.52461122847882,2928,1,1477,5471,1,0
1582,2241,78.88022639053595,4396,0,35,888,0,0
3619,89,63.960556117768185,1091,1,1708,9533,1,0
3325,1709,67.64263623383923,816,1,1443,7127,1,0
390,2169,13.169343847203852,82,0,1045,3720,1,0
1618,4238,23.418444681548568,1920,1,205,2883,0,0
2931,3041,78.67503351544369,3491,1,638,4212,1,1
256,105,97.0766206474783,3144,0,847,6961,1,0
709,886,26.26756425986517,2093,1,1980,2415,1,0
1839,427,27.156876475103985,4713,1,1379,9309,0,0
1945,1895,47.289713281090485,175,1,439,3001,1,0
2498,316,98.38403128554378,2704,0,728,1738,0,0
10,634,26.895894582647106,4937,1,1119,1364,1,0
2872,1925,40.69719096342639,369,0,1952,2708,0,0
798,2056,89.14800156235067,1818,1,940,924,0,0
3314,3144,0.29210326213620075,2101,0,163,151,0,0
3323,2270,3.9765964988569547,4785,1,147,8777,1,0
877,1439,60.40716770712192,3490,0,1553,8044,0,0
1029,552,90.7380164712847,1779,0,293,912,0,0
3191,715,23.885666040192767,1364,0,194,2321,0,0
1016,3911,46.9641774680709,4462,0,662,495,0,0
1825,1713,45.04653016578183,3342,0,479,2148,1,0
374,3389,47.297134609551016,4739,0,1900,556,1,0
3137,1107,62.25196957297452,3676,1,122,1552,1,0
2194,4206,46.974376299068375,2426,1,1423,2120,1,0
224,250,44.74681413224578,72,0,698,3085,0,0
1263,2430,47.42884204312605,2962,0,964,3504,1,0
2225,2054,59.086744127104154,859,0,1475,156,0,0
1803,458,53.70074883513583,3856,0,660,8926,1,0
853,207,85.41359976505044,4138,1,1127,7505,1,0
3354,899,4.9496853493666615,2424,0,1778,7162,1,0
63,3461,83.33170714730124,1064,1,1485,5523,0,0
1241,3385,84.3924612611724,2217,1,1766,7543,1,1
2875,21,28.490802153096084,4017,0,1741,8055,1,0
2843,409,46.285195501585065,2259,0,709,4654,1,0
689,894,43.85384885374355,3751,1,395,6250,0,0
1485,514,21.850983435413028,2086,1,911,7246,1,0
1634,4904,39.67968470863165,368,0,1360,154,1,0
2153,4969,4.438777217085443,2804,0,1004,7950,0,0
3171,4109,27.782207278173445,150,0,1622,996,0,0
511,2134,81.66821754507181,1134,1,1165,4626,1,1
385,3595,28.456230176289754,2784,1,316,2905,1,0
405,2956,81.82066687482475,4164,0,1734,9369,1,0
2871,1560,53.15994646044309,2346,1,1581,153,0,0
518,1266,87.98626773611599,4897,1,1823,7853,0,0
476,2169,57.47795542644152,2250,0,1550,6481,0,0
2001,3638,2.966822306473982,60,0,1579,5599,1,0
2757,749,67.54202075470891,3010,1,1424,1716,0,0
1669,3427,4.485356802356866,3901,1,680,786,1,0
1894,4780,45.0597018983134,1337,0,1333,4368,0,0
2819,1927,92.9426694473114,1184,0,494,8096,0,0
1461,3804,16.520393933785016,4426,0,555,4272,0,0
3095,3702,38.98723529415441,1551,0,609,3767,1,0
3045,2356,72.98603088484784,4433,0,1796,8834,1,0
3637,4790,88.22585560948475,1629,1,108,5994,1,1
2725,2335,67.09430047425079,1327,1,1818,7216,1,0
714,306,25.81732541911692,1526,1,371,8857,0,0
3530,3665,67.46078529162162,1673,1,854,3426,1,0
83,1989,29.672764110409,1361,0,615,3783,0,0
1169,661,71.84292298187353,1573,0,767,5427,1,0
3157,4644,95.40331275850406,2686,0,1914,7011,1,0
3150,311,72.13934511062882,4370,1,205,8052,0,0
2505,2920,86.28805029124123,2366,1,846,3701,0,0
1902,1082,0.2103843175883413,3757,1,42,9261,1,0
2049,2971,71.75721247315944,2434,0,864,2349,1,0
51,754,82.95875568652504,1993,1,1268,7011,0,0
685,4130,4.055873754468142,869,0,1310,7055,0,0
717,4540,87.15977272882306,1014,0,1378,1212,0,0
1470,352,25.669422831004585,1911,0,784,6965,0,0
449,902,66.52921019780553,602,0,475,9344,0,0
881,3888,80.03548790234066,3821,0,82,6704,1,0
488,158,66.26645130593555,690,0,1133,7433,1,0
1824,1977,9.228479207325723,493,1,1973,2511,1,0
2082,956,59.63215188603683,489,0,189,143,1,0
3420,2071,54.95836567221436,2556,0,799,7367,0,0
2143,403,90.03212680742715,4485,1,935,3228,0,0
3144,4611,40.42397296442092,294,0,1932,4582,0,0
1575,2779,32.108109708705015,4027,1,250,6031,1,0
2202,1387,74.98507644364662,2843,1,1747,4243,0,0
250,3453,41.267532608339664,2912,1,290,9549,0,0
674,955,64.6096175005063,1717,0,1668,2713,1,0
438,1712,64.64500901246069,2596,0,1224,4185,1,0
2166,4703,88.80390643601179,4744,1,1820,9549,1,1
771,1273,59.869240231909735,1873,0,325,7328,0,0
3378,3811,50.21536099619869,4663,0,1534,4633,0,0
268,2625,13.8871326396517,3258,1,1432,3192,1,0
1985,2382,11.573760667870536,2817,1,1630,300,1,0
1078,1441,15.432156528307939,444,0,1813,723,0,0
236,2979,17.18484813270945,3641,1,1985,5694,1,0
389,1797,63.78770926636339,4458,1,1964,3010,0,0
3038,4390,74.09812502745785,741,1,836,5555,1,1
763,4009,52.999152292641874,2041,0,507,67,1,0
1849,4850,82.9017732545491,679,0,730,2506,1,0
2449,1394,99.12632267336332,2467,0,1624,1537,0,0
